<?xml version="1.0" encoding="UTF-8"?>
<metadata xml:lang="id"><Esri><CreaDate>20220321</CreaDate><CreaTime>15152700</CreaTime><ArcGISFormat>1.0</ArcGISFormat><SyncOnce>FALSE</SyncOnce><DataProperties><lineage><Process ToolSource="c:\program files\arcgis\pro\Resources\ArcToolbox\toolboxes\Conversion Tools.tbx\FeatureClassToFeatureClass" Date="20211025" Time="123740">FeatureClassToFeatureClass ADMIN_KABJAWA "D:\PENDIDIKAN\SEMESTER GASAL\AP SIG\STATISTIK SPASIAL\PRAKTIKUM\2021\ACARA 6" A_Admin_KabJawa.shp # "NAMOBJ "NAMOBJ" true true false 250 Text 0 0,First,#,ADMIN_KABJAWA,ADMIN_KABJAWA.NAMOBJ,0,250;WADMKD "WADMKD" true true false 50 Text 0 0,First,#,ADMIN_KABJAWA,ADMIN_KABJAWA.WADMKD,0,50;WADMKK "WADMKK" true true false 50 Text 0 0,First,#,ADMIN_KABJAWA,ADMIN_KABJAWA.WADMKK,0,50;WADMPR "WADMPR" true true false 50 Text 0 0,First,#,ADMIN_KABJAWA,ADMIN_KABJAWA.WADMPR,0,50;WIADKC "WIADKC" true true false 50 Text 0 0,First,#,ADMIN_KABJAWA,ADMIN_KABJAWA.WIADKC,0,50;WIADKK "WIADKK" true true false 50 Text 0 0,First,#,ADMIN_KABJAWA,ADMIN_KABJAWA.WIADKK,0,50;No_ "No#" true true false 8 Double 0 0,First,#,ADMIN_KABJAWA,Sheet1$.No_,-1,-1;Kab_kota "Kab_kota" true true false 255 Text 0 0,First,#,ADMIN_KABJAWA,Sheet1$.Kab_kota,0,255;prov "prov" true true false 255 Text 0 0,First,#,ADMIN_KABJAWA,Sheet1$.prov,0,255;crime_2019 "crime_2019" true true false 8 Double 0 0,First,#,ADMIN_KABJAWA,Sheet1$.crime_2019,-1,-1;Crime_2020 "Crime_2020" true true false 8 Double 0 0,First,#,ADMIN_KABJAWA,Sheet1$.Crime_2020,-1,-1;CrRisk_2020 "CrRisk_2020" true true false 8 Double 0 0,First,#,ADMIN_KABJAWA,Sheet1$.CrRisk_2020,-1,-1;pdd_2020 "pdd_2020" true true false 8 Double 0 0,First,#,ADMIN_KABJAWA,Sheet1$.pdd_2020,-1,-1;per_pov_19 "per_pov_19" true true false 8 Double 0 0,First,#,ADMIN_KABJAWA,Sheet1$.per_pov_19,-1,-1;per_pov_20 "per_pov_20" true true false 8 Double 0 0,First,#,ADMIN_KABJAWA,Sheet1$.per_pov_20,-1,-1;F10 "F10" true true false 255 Text 0 0,First,#,ADMIN_KABJAWA,Sheet1$.F10,0,255;ObjectID "ObjectID" false true false 4 Long 0 9,First,#,ADMIN_KABJAWA,Sheet1$.ObjectID,-1,-1" #</Process><Process ToolSource="c:\program files (x86)\arcgis\desktop10.5\ArcToolbox\Toolboxes\Data Management Tools.tbx\DeleteField" Date="20220321" Time="153100">DeleteField Admin_kabJawa WADMKD;WADMKK;WIADKC;WIADKK;No_;Kab_kota;prov;crime_2019;Crime_2020;CrRisk_202;pdd_2020;per_pov_19;per_pov_20;F10;ObjectID</Process><Process ToolSource="c:\program files\arcgis\pro\Resources\ArcToolbox\toolboxes\Conversion Tools.tbx\FeatureClassToFeatureClass" Date="20220321" Time="165449">FeatureClassToFeatureClass Admin_kabJawa "D:\PENDIDIKAN\SPATIAL STATISTICS\PRAKTIKUM STATISTIK SPASIAL\BAHAN PRAKTIKUM\SA\SA" pov_jawa.shp # "NAMOBJ "NAMOBJ" true true false 250 Text 0 0,First,#,Admin_kabJawa,Admin_kabJawa.NAMOBJ,0,250;WADMPR "WADMPR" true true false 50 Text 0 0,First,#,Admin_kabJawa,Admin_kabJawa.WADMPR,0,50;kab "kab" true true false 255 Text 0 0,First,#,Admin_kabJawa,Admin_kabjawa$.kab,0,255;prov "prov" true true false 255 Text 0 0,First,#,Admin_kabJawa,Admin_kabjawa$.prov,0,255;pv16 "pv16" true true false 8 Double 0 0,First,#,Admin_kabJawa,Admin_kabjawa$.pv16,-1,-1;pv17 "pv17" true true false 8 Double 0 0,First,#,Admin_kabJawa,Admin_kabjawa$.pv17,-1,-1;pv18 "pv18" true true false 8 Double 0 0,First,#,Admin_kabJawa,Admin_kabjawa$.pv18,-1,-1;pv19 "pv19" true true false 8 Double 0 0,First,#,Admin_kabJawa,Admin_kabjawa$.pv19,-1,-1;pv20 "pv20" true true false 8 Double 0 0,First,#,Admin_kabJawa,Admin_kabjawa$.pv20,-1,-1;pv21 "pv21" true true false 8 Double 0 0,First,#,Admin_kabJawa,Admin_kabjawa$.pv21,-1,-1;pop20 "pop20" true true false 8 Double 0 0,First,#,Admin_kabJawa,Admin_kabjawa$.pop20,-1,-1;ObjectID "ObjectID" false true false 4 Long 0 9,First,#,Admin_kabJawa,Admin_kabjawa$.ObjectID,-1,-1" #</Process><Process ToolSource="c:\program files\arcgis\pro\Resources\ArcToolbox\Toolboxes\Data Management Tools.tbx\DeleteField" Date="20220510" Time="070352">DeleteField pov_jawa NAMOBJ "Delete Fields"</Process><Process ToolSource="c:\program files\arcgis\pro\Resources\ArcToolbox\Toolboxes\Data Management Tools.tbx\DeleteField" Date="20220510" Time="070357">DeleteField pov_jawa WADMPR "Delete Fields"</Process><Process ToolSource="c:\program files\arcgis\pro\Resources\ArcToolbox\toolboxes\Analysis Tools.tbx\Intersect" Date="20220510" Time="080002">Intersect "pov_jawa #;crime #" D:\statistics\data\java.shp "All attributes" # "Same as input"</Process><Process ToolSource="c:\program files\arcgis\pro\Resources\ArcToolbox\toolboxes\Data Management Tools.tbx\DeleteField" Date="20220510" Time="080209">DeleteField java pv16 "Delete Fields"</Process><Process ToolSource="c:\program files\arcgis\pro\Resources\ArcToolbox\toolboxes\Data Management Tools.tbx\DeleteField" Date="20220510" Time="080239">DeleteField java pv17 "Delete Fields"</Process><Process ToolSource="c:\program files\arcgis\pro\Resources\ArcToolbox\toolboxes\Data Management Tools.tbx\DeleteField" Date="20220510" Time="080343">DeleteField java pv18 "Delete Fields"</Process><Process ToolSource="c:\program files\arcgis\pro\Resources\ArcToolbox\toolboxes\Data Management Tools.tbx\DeleteField" Date="20220510" Time="080524">DeleteField java FID_pov_ja;pv21;ObjectID;FID_crime;NAMOBJ;No_;CrRisk_202;pdd_2020;per_pov_19;per_pov_20 "Delete Fields"</Process><Process ToolSource="c:\program files\arcgis\pro\Resources\ArcToolbox\toolboxes\Conversion Tools.tbx\FeatureClassToFeatureClass" Date="20220510" Time="080735">FeatureClassToFeatureClass java D:\statistics java.shp # "kab "kab" true true false 50 Text 0 0,First,#,java,kab,0,50;prov "prov" true true false 50 Text 0 0,First,#,java,prov,0,50;pv19 "pv19" true true false 13 Double 3 12,First,#,java,pv19,-1,-1;pv20 "pv20" true true false 13 Double 3 12,First,#,java,pv20,-1,-1;pop20 "pop20" true true false 13 Double 3 12,First,#,java,pop20,-1,-1;crime_2019 "crime_2019" true true false 19 Double 0 0,First,#,java,crime_2019,-1,-1;Crime_2020 "Crime_2020" true true false 19 Double 0 0,First,#,java,Crime_2020,-1,-1;POINT_X "POINT_X" true true false 19 Double 0 0,First,#,java,POINT_X,-1,-1;POINT_Y "POINT_Y" true true false 19 Double 0 0,First,#,java,POINT_Y,-1,-1" #</Process></lineage><itemProps><itemName Sync="TRUE">java</itemName><imsContentType Sync="TRUE">002</imsContentType><itemSize Sync="TRUE">0.000</itemSize><itemLocation><linkage Sync="TRUE">file://\\DESKTOP-J9KO5E7\D$\statistics\java.shp</linkage><protocol Sync="TRUE">Local Area Network</protocol></itemLocation></itemProps><coordRef><type Sync="TRUE">Projected</type><geogcsn Sync="TRUE">GCS_WGS_1984</geogcsn><csUnits Sync="TRUE">Linear Unit: Meter (1.000000)</csUnits><projcsn Sync="TRUE">WGS_1984_World_Mercator</projcsn><peXml Sync="TRUE">&lt;ProjectedCoordinateSystem xsi:type='typens:ProjectedCoordinateSystem' xmlns:xsi='http://www.w3.org/2001/XMLSchema-instance' xmlns:xs='http://www.w3.org/2001/XMLSchema' xmlns:typens='http://www.esri.com/schemas/ArcGIS/2.9.0'&gt;&lt;WKT&gt;PROJCS[&amp;quot;WGS_1984_World_Mercator&amp;quot;,GEOGCS[&amp;quot;GCS_WGS_1984&amp;quot;,DATUM[&amp;quot;D_WGS_1984&amp;quot;,SPHEROID[&amp;quot;WGS_1984&amp;quot;,6378137.0,298.257223563]],PRIMEM[&amp;quot;Greenwich&amp;quot;,0.0],UNIT[&amp;quot;Degree&amp;quot;,0.0174532925199433]],PROJECTION[&amp;quot;Mercator&amp;quot;],PARAMETER[&amp;quot;False_Easting&amp;quot;,0.0],PARAMETER[&amp;quot;False_Northing&amp;quot;,0.0],PARAMETER[&amp;quot;Central_Meridian&amp;quot;,0.0],PARAMETER[&amp;quot;Standard_Parallel_1&amp;quot;,0.0],UNIT[&amp;quot;Meter&amp;quot;,1.0],AUTHORITY[&amp;quot;EPSG&amp;quot;,3395]]&lt;/WKT&gt;&lt;XOrigin&gt;-20037700&lt;/XOrigin&gt;&lt;YOrigin&gt;-30198300&lt;/YOrigin&gt;&lt;XYScale&gt;149134210.44795552&lt;/XYScale&gt;&lt;ZOrigin&gt;-100000&lt;/ZOrigin&gt;&lt;ZScale&gt;10000&lt;/ZScale&gt;&lt;MOrigin&gt;-100000&lt;/MOrigin&gt;&lt;MScale&gt;10000&lt;/MScale&gt;&lt;XYTolerance&gt;0.001&lt;/XYTolerance&gt;&lt;ZTolerance&gt;0.001&lt;/ZTolerance&gt;&lt;MTolerance&gt;0.001&lt;/MTolerance&gt;&lt;HighPrecision&gt;true&lt;/HighPrecision&gt;&lt;WKID&gt;3395&lt;/WKID&gt;&lt;LatestWKID&gt;3395&lt;/LatestWKID&gt;&lt;/ProjectedCoordinateSystem&gt;</peXml></coordRef></DataProperties><SyncDate>20220510</SyncDate><SyncTime>08073000</SyncTime><ModDate>20220510</ModDate><ModTime>08073000</ModTime></Esri><dataIdInfo><envirDesc Sync="TRUE">Microsoft Windows 10 Version 10.0 (Build 22000) ; Esri ArcGIS 12.9.2.32739</envirDesc><dataLang><languageCode value="ind" Sync="TRUE"></languageCode><countryCode value="IDN" Sync="TRUE"></countryCode></dataLang><idCitation><resTitle Sync="TRUE">java</resTitle><presForm><PresFormCd value="005" Sync="TRUE"></PresFormCd></presForm></idCitation><spatRpType><SpatRepTypCd value="001" Sync="TRUE"></SpatRepTypCd></spatRpType></dataIdInfo><mdLang><languageCode value="ind" Sync="TRUE"></languageCode><countryCode value="IDN" Sync="TRUE"></countryCode></mdLang><mdChar><CharSetCd value="004" Sync="TRUE"></CharSetCd></mdChar><distInfo><distFormat><formatName Sync="TRUE">Shapefile</formatName></distFormat><distTranOps><transSize Sync="TRUE">0.000</transSize></distTranOps></distInfo><mdHrLv><ScopeCd value="005" Sync="TRUE"></ScopeCd></mdHrLv><mdHrLvName Sync="TRUE">dataset</mdHrLvName><refSysInfo><RefSystem><refSysID><identCode code="3395" Sync="TRUE"></identCode><idCodeSpace Sync="TRUE">EPSG</idCodeSpace><idVersion Sync="TRUE">9.8.8(9.3.0.0)</idVersion></refSysID></RefSystem></refSysInfo><spatRepInfo><VectSpatRep><geometObjs Name="java"><geoObjTyp><GeoObjTypCd value="002" Sync="TRUE"></GeoObjTypCd></geoObjTyp><geoObjCnt Sync="TRUE">0</geoObjCnt></geometObjs><topLvl><TopoLevCd value="001" Sync="TRUE"></TopoLevCd></topLvl></VectSpatRep></spatRepInfo><spdoinfo><ptvctinf><esriterm Name="java"><efeatyp Sync="TRUE">Simple</efeatyp><efeageom code="4" Sync="TRUE"></efeageom><esritopo Sync="TRUE">FALSE</esritopo><efeacnt Sync="TRUE">0</efeacnt><spindex Sync="TRUE">FALSE</spindex><linrefer Sync="TRUE">TRUE</linrefer></esriterm></ptvctinf></spdoinfo><eainfo><detailed Name="java"><enttyp><enttypl Sync="TRUE">java</enttypl><enttypt Sync="TRUE">Feature Class</enttypt><enttypc Sync="TRUE">0</enttypc></enttyp><attr><attrlabl Sync="TRUE">FID</attrlabl><attalias Sync="TRUE">FID</attalias><attrtype Sync="TRUE">OID</attrtype><attwidth Sync="TRUE">4</attwidth><atprecis Sync="TRUE">0</atprecis><attscale Sync="TRUE">0</attscale><attrdef Sync="TRUE">Internal feature number.</attrdef><attrdefs Sync="TRUE">Esri</attrdefs><attrdomv><udom Sync="TRUE">Sequential unique whole numbers that are automatically generated.</udom></attrdomv></attr><attr><attrlabl Sync="TRUE">Shape</attrlabl><attalias Sync="TRUE">Shape</attalias><attrtype Sync="TRUE">Geometry</attrtype><attwidth Sync="TRUE">0</attwidth><atprecis Sync="TRUE">0</atprecis><attscale Sync="TRUE">0</attscale><attrdef Sync="TRUE">Feature geometry.</attrdef><attrdefs Sync="TRUE">Esri</attrdefs><attrdomv><udom Sync="TRUE">Coordinates defining the features.</udom></attrdomv></attr><attr><attrlabl Sync="TRUE">kab</attrlabl><attalias Sync="TRUE">kab</attalias><attrtype Sync="TRUE">String</attrtype><attwidth Sync="TRUE">50</attwidth><atprecis Sync="TRUE">0</atprecis><attscale Sync="TRUE">0</attscale></attr><attr><attrlabl Sync="TRUE">prov</attrlabl><attalias Sync="TRUE">prov</attalias><attrtype Sync="TRUE">String</attrtype><attwidth Sync="TRUE">50</attwidth><atprecis Sync="TRUE">0</atprecis><attscale Sync="TRUE">0</attscale></attr><attr><attrlabl Sync="TRUE">pv19</attrlabl><attalias Sync="TRUE">pv19</attalias><attrtype Sync="TRUE">Double</attrtype><attwidth Sync="TRUE">13</attwidth><atprecis Sync="TRUE">12</atprecis><attscale Sync="TRUE">3</attscale></attr><attr><attrlabl Sync="TRUE">pv20</attrlabl><attalias Sync="TRUE">pv20</attalias><attrtype Sync="TRUE">Double</attrtype><attwidth Sync="TRUE">13</attwidth><atprecis Sync="TRUE">12</atprecis><attscale Sync="TRUE">3</attscale></attr><attr><attrlabl Sync="TRUE">pop20</attrlabl><attalias Sync="TRUE">pop20</attalias><attrtype Sync="TRUE">Double</attrtype><attwidth Sync="TRUE">13</attwidth><atprecis Sync="TRUE">12</atprecis><attscale Sync="TRUE">3</attscale></attr><attr><attrlabl Sync="TRUE">crime_2019</attrlabl><attalias Sync="TRUE">crime_2019</attalias><attrtype Sync="TRUE">Double</attrtype><attwidth Sync="TRUE">19</attwidth><atprecis Sync="TRUE">0</atprecis><attscale Sync="TRUE">0</attscale></attr><attr><attrlabl Sync="TRUE">Crime_2020</attrlabl><attalias Sync="TRUE">Crime_2020</attalias><attrtype Sync="TRUE">Double</attrtype><attwidth Sync="TRUE">19</attwidth><atprecis Sync="TRUE">0</atprecis><attscale Sync="TRUE">0</attscale></attr><attr><attrlabl Sync="TRUE">POINT_X</attrlabl><attalias Sync="TRUE">POINT_X</attalias><attrtype Sync="TRUE">Double</attrtype><attwidth Sync="TRUE">19</attwidth><atprecis Sync="TRUE">0</atprecis><attscale Sync="TRUE">0</attscale></attr><attr><attrlabl Sync="TRUE">POINT_Y</attrlabl><attalias Sync="TRUE">POINT_Y</attalias><attrtype Sync="TRUE">Double</attrtype><attwidth Sync="TRUE">19</attwidth><atprecis Sync="TRUE">0</atprecis><attscale Sync="TRUE">0</attscale></attr></detailed></eainfo><mdDateSt Sync="TRUE">20220510</mdDateSt></metadata>
